gameIndex,stage,redIndex,blueIndex,redId,outcome,blueId,winner,round,redScore,blueScore,redP,redA,redC,blueP,blueA,blueC,redPokes,bluePokes,redKillByP,redKillByA,redKillByC,blueKillByP,blueKillByA,blueKillByC,redVictimP,redVictimA,redVictimC,blueVictimP,blueVictimA,blueVictimC
0,stage1_core,0,147,REACHR27_HL_G02,elimination,REACHR19_HH_L08,B,17,-0.0789473684210526,1.0789473684210529,0,0,9,0,1,8,1,2,1,1,3,3,1,7,0,2,3,1,1,9
1,stage1_core,147,0,REACHR19_HH_L08,elimination,REACHR27_HL_G02,R,13,1.1842105263157894,-0.1842105263157894,0,1,6,0,0,6,2,0,2,2,5,0,2,2,1,1,7,0,2,2
10,stage1_core,0,152,REACHR27_HL_G02,draw,REACHR26_HH_G08,,20,0.0,0.0,0,0,10,0,10,0,0,0,0,3,8,0,9,1,1,9,1,1,0,9
47,stage1_core,170,0,REACHR29_HH_G10,draw,REACHR27_HL_G02,,20,0.0,0.0,0,9,1,0,0,10,0,0,2,9,0,0,0,9,1,1,9,0,8,1
127,stage1_core,161,1,REACHR29_HH_G01,draw,REACHR27_HL_G08,,20,0.0,0.0,0,10,0,0,0,10,0,0,0,7,1,0,1,9,0,0,8,1,9,0
134,stage1_core,1,165,REACHR27_HL_G08,draw,REACHR29_HH_G05,,20,0.0,0.0,0,0,10,0,2,8,0,0,0,1,7,1,3,4,0,3,5,1,0,7
187,stage1_core,191,1,REACHR29_HH_L21,draw,REACHR27_HL_G08,,20,0.0,0.0,0,9,1,0,0,10,0,0,0,9,2,0,3,8,1,1,9,1,9,1
214,stage1_core,2,156,REACHR20_HL_G08,draw,REACHR28_HH_L11,,20,0.0,0.0,0,0,10,0,10,0,5,6,6,0,5,6,4,1,0,10,1,0,1,10
374,stage1_core,3,187,REACHR27_HL_G07,draw,REACHR29_HH_L17,,20,0.0,0.0,0,0,10,0,8,2,4,6,6,1,4,8,1,2,0,8,3,0,1,10
467,stage1_core,184,4,REACHR29_HH_L14,draw,REACHR27_HL_L02,,20,0.0,0.0,0,1,9,0,0,10,7,4,7,1,2,4,1,7,0,1,9,0,2,10
802,stage1_core,8,156,REACHR25_HL_G03,draw,REACHR28_HH_L11,,20,0.0,0.0,0,0,10,0,10,0,5,6,6,0,5,6,4,1,0,10,1,0,1,10
1221,stage1_core,169,12,REACHR29_HH_G09,draw,REACHR25_HL_G07,,20,0.0,0.0,0,0,10,0,0,10,4,6,4,0,4,7,2,2,0,1,7,0,1,10
1613,stage1_core,169,16,REACHR29_HH_G09,draw,REACHR29_HL_G03,,20,0.0,0.0,0,6,4,6,0,4,7,5,7,1,1,8,1,3,6,1,2,0,7,5
1653,stage1_core,189,16,REACHR29_HH_L19,draw,REACHR29_HL_G03,,20,0.0,0.0,0,0,10,6,0,4,7,5,7,1,1,8,1,3,6,1,2,0,1,11
2215,stage1_core,176,22,REACHR29_HH_L06,draw,REACHR29_HL_G09,,20,0.0,0.0,1,0,9,0,0,10,6,6,6,1,2,6,1,4,0,0,9,1,1,9
2262,stage1_core,23,151,REACHR29_HL_G10,draw,REACHR26_HH_G07,,20,0.0,0.0,0,0,10,0,10,0,5,5,6,0,5,5,1,1,0,10,1,0,1,6
2297,stage1_core,168,23,REACHR29_HH_G08,draw,REACHR29_HL_G10,,20,0.0,0.0,0,0,10,0,0,10,6,7,8,0,3,8,2,2,0,1,10,0,1,11
2299,stage1_core,169,23,REACHR29_HH_G09,draw,REACHR29_HL_G10,,20,0.0,0.0,0,8,2,0,0,10,3,7,4,0,7,8,2,0,0,1,10,0,9,1
2450,stage1_core,25,147,REACHR29_HL_L02,elimination,REACHR19_HH_L08,B,3,-0.4473684210526316,1.4473684210526316,0,0,2,0,1,1,0,1,0,0,1,1,2,1,0,0,1,1,1,2
2454,stage1_core,25,149,REACHR29_HL_L02,elimination,REACHR21_HH_L24,B,3,-0.4473684210526316,1.4473684210526316,0,0,2,0,1,1,0,1,0,0,1,1,2,1,0,0,1,1,1,2
2458,stage1_core,25,151,REACHR29_HL_L02,elimination,REACHR26_HH_G07,B,3,-0.4473684210526316,1.4473684210526316,0,0,2,0,1,1,0,1,0,0,1,1,2,1,0,0,1,1,1,2
2462,stage1_core,25,153,REACHR29_HL_L02,elimination,REACHR15_HH_G09,B,3,-0.4473684210526316,1.4473684210526316,0,0,2,0,1,1,0,1,0,0,1,1,2,1,0,0,1,1,1,2
2468,stage1_core,25,156,REACHR29_HL_L02,elimination,REACHR28_HH_L11,B,3,-0.4473684210526316,1.4473684210526316,0,0,2,0,1,1,0,1,0,0,1,1,2,1,0,0,1,1,1,2
2474,stage1_core,25,159,REACHR29_HL_L02,elimination,REACHR28_HH_L04,B,3,-0.4473684210526316,1.4473684210526316,0,0,2,0,1,1,0,1,0,0,1,1,2,1,0,0,1,1,1,2
2480,stage1_core,25,162,REACHR29_HL_L02,elimination,REACHR29_HH_G02,B,3,-0.4473684210526316,1.4473684210526316,0,0,2,0,1,1,0,1,0,0,1,1,2,1,0,0,1,1,1,2
2482,stage1_core,25,163,REACHR29_HL_L02,elimination,REACHR29_HH_G03,B,3,-0.4473684210526316,1.4473684210526316,0,0,2,0,1,1,0,0,0,0,1,1,2,1,0,0,1,1,1,2
2492,stage1_core,25,168,REACHR29_HL_L02,elimination,REACHR29_HH_G08,B,3,-0.4473684210526316,1.4473684210526316,0,0,2,0,0,2,0,1,0,0,1,1,2,1,0,0,1,1,1,2
2504,stage1_core,25,174,REACHR29_HL_L02,elimination,REACHR29_HH_L04,B,3,-0.4473684210526316,1.4473684210526316,0,0,2,0,0,2,0,1,0,0,1,1,2,1,0,0,1,1,1,2
2514,stage1_core,25,179,REACHR29_HL_L02,elimination,REACHR29_HH_L09,B,3,-0.4473684210526316,1.4473684210526316,0,0,2,0,1,1,0,0,0,0,1,1,2,1,0,0,1,1,1,2
2526,stage1_core,25,185,REACHR29_HL_L02,elimination,REACHR29_HH_L15,B,3,-0.4473684210526316,1.4473684210526316,0,0,2,0,1,1,0,0,0,0,1,1,2,1,0,0,1,1,1,2
2532,stage1_core,25,188,REACHR29_HL_L02,elimination,REACHR29_HH_L18,B,3,-0.4473684210526316,1.4473684210526316,0,0,2,0,1,1,0,1,0,0,1,1,2,1,0,0,1,1,1,2
2536,stage1_core,25,190,REACHR29_HL_L02,elimination,REACHR29_HH_L20,B,3,-0.4473684210526316,1.4473684210526316,0,0,2,0,1,1,0,1,0,0,1,1,2,1,0,0,1,1,1,2
2542,stage1_core,25,193,REACHR29_HL_L02,elimination,REACHR29_HH_L23,B,3,-0.4473684210526316,1.4473684210526316,0,0,2,0,1,1,0,0,0,0,1,1,2,1,0,0,1,1,1,2
3337,stage1_core,149,34,REACHR21_HH_L24,draw,REACHR29_HL_L11,,20,0.0,0.0,0,5,5,0,0,10,5,6,7,0,4,9,0,3,0,1,10,0,6,6
3424,stage1_core,34,193,REACHR29_HL_L11,draw,REACHR29_HH_L23,,20,0.0,0.0,0,0,10,0,10,0,0,10,0,0,10,10,0,0,0,10,0,0,0,10
3599,stage1_core,182,36,REACHR29_HH_L12,elimination,REACHR29_HL_L13,R,20,1.0,-0.0,7,1,0,0,0,10,10,0,10,1,1,0,0,3,1,1,10,0,2,1
4165,stage1_core,171,42,REACHR29_HH_L01,draw,REACHR29_HL_L19,,20,0.0,0.0,10,0,0,0,0,10,9,1,9,0,1,1,1,1,0,1,9,1,1,1
4640,stage1_core,47,164,REACHR29_HL_W01,draw,REACHR29_HH_G04,,20,0.0,0.0,10,0,0,0,1,9,7,3,7,1,1,3,8,0,0,1,8,9,1,1
4802,stage1_core,49,196,REACHR24_PL_G10,elimination,REACHR27_PH_L21,B,16,-0.1052631578947368,1.1052631578947367,7,1,0,0,8,0,0,0,0,2,1,1,10,0,0,2,1,8,2,1
4803,stage1_core,196,49,REACHR27_PH_L21,elimination,REACHR24_PL_G10,R,12,1.2105263157894737,-0.2105263157894736,0,6,0,5,1,0,1,1,1,6,1,1,3,0,5,2,1,0,3,1
7589,stage1_core,217,77,REACHR29_PH_G09,elimination,REACHR29_PL_L05,R,16,1.1052631578947367,-0.1052631578947368,8,0,0,0,0,8,9,3,9,0,1,3,0,2,1,1,8,3,1,1
9604,stage1_core,98,245,REACHR21_PH_L16,elimination,REACHR10_PH_G08,R,16,1.1052631578947367,-0.1052631578947368,0,8,0,0,4,4,0,0,0,10,0,0,5,3,1,5,4,1,6,1
9605,stage1_core,245,98,REACHR10_PH_G08,draw,REACHR21_PH_L16,,20,0.0,0.0,0,4,6,0,10,0,0,1,0,7,4,1,8,0,1,9,1,1,4,4
14406,stage1_core,0,294,REACHR27_HL_G02,elimination,REACHR25_AH_L08,R,6,1.368421052631579,-0.3684210526315789,0,0,3,0,3,0,0,0,0,2,3,0,3,0,1,3,1,0,1,2
14407,stage1_core,294,0,REACHR25_AH_L08,elimination,REACHR27_HL_G02,B,7,-0.3421052631578947,1.3421052631578947,0,4,0,0,0,4,0,1,0,1,1,1,1,4,0,1,1,1,4,1
15928,stage1_core,15,320,REACHR29_HL_G02,draw,REACHR29_GE_L03,,20,0.0,0.0,0,0,10,0,10,0,8,6,8,0,2,8,2,1,0,9,1,0,1,10
15998,stage1_core,16,306,REACHR29_HL_G03,draw,REACHR28_GE_L10,,20,0.0,0.0,4,0,6,0,1,9,4,6,6,0,5,6,1,2,0,2,9,4,1,4
16814,stage1_core,24,322,REACHR29_HL_L01,draw,REACHR29_GE_L05,,20,0.0,0.0,0,0,10,0,0,10,0,10,0,0,11,11,0,0,0,1,10,1,0,10
17772,stage1_core,34,311,REACHR29_HL_L11,draw,REACHR29_GE_G04,,20,0.0,0.0,0,0,10,0,10,0,3,7,3,0,8,7,2,0,0,10,1,0,1,8
18603,stage1_core,334,42,REACHR29_GE_L17,elimination,REACHR29_HL_L19,R,20,1.0,-0.0,10,0,0,0,0,10,8,2,9,2,1,2,1,0,1,1,10,2,0,1
19208,stage1_core,49,294,REACHR24_PL_G10,elimination,REACHR25_AH_L08,B,9,-0.2894736842105263,1.2894736842105263,4,1,0,0,5,0,0,0,0,1,1,0,7,0,0,1,1,4,2,1
19209,stage1_core,294,49,REACHR25_AH_L08,elimination,REACHR24_PL_G10,R,10,1.263157894736842,-0.2631578947368421,0,5,0,3,2,0,0,0,0,6,1,2,2,0,3,3,1,0,3,1
24010,stage1_core,98,294,REACHR21_PH_L16,elimination,REACHR25_AH_L08,R,16,1.1052631578947367,-0.1052631578947368,0,8,0,0,8,0,0,0,0,9,1,0,7,0,1,8,1,0,6,1
24011,stage1_core,294,98,REACHR25_AH_L08,elimination,REACHR21_PH_L16,B,15,-0.131578947368421,1.131578947368421,0,8,0,0,8,0,0,0,0,6,1,0,10,0,0,6,1,1,8,1
28812,stage1_core,147,294,REACHR19_HH_L08,elimination,REACHR25_AH_L08,B,12,-0.2105263157894736,1.2105263157894737,0,6,0,0,5,1,0,0,0,1,1,0,9,0,0,1,1,1,7,1
28813,stage1_core,294,147,REACHR25_AH_L08,elimination,REACHR19_HH_L08,R,12,1.2105263157894737,-0.2105263157894736,0,6,0,0,4,2,0,0,0,7,1,0,4,2,1,5,2,1,4,1
33614,stage1_core,196,294,REACHR27_PH_L21,draw,REACHR25_AH_L08,,20,0.0,0.0,0,10,0,0,10,0,0,0,0,9,1,0,11,0,1,8,1,1,9,1
33615,stage1_core,294,196,REACHR25_AH_L08,elimination,REACHR27_PH_L21,R,10,1.263157894736842,-0.2631578947368421,0,5,0,0,5,0,0,0,0,6,1,1,5,0,1,5,1,1,4,1
35722,stage1_core,217,319,REACHR29_PH_G09,elimination,REACHR29_GE_L02,R,16,1.1052631578947367,-0.1052631578947368,7,0,1,0,6,2,9,3,9,0,1,3,0,2,1,6,3,3,1,1
35736,stage1_core,217,326,REACHR29_PH_G09,elimination,REACHR29_GE_L09,R,16,1.1052631578947367,-0.1052631578947368,8,0,0,0,0,8,9,3,9,0,1,3,0,2,1,1,8,3,1,1
38416,stage1_core,245,294,REACHR10_PH_G08,draw,REACHR25_AH_L08,,20,0.0,0.0,0,4,6,0,10,0,0,0,0,4,6,0,10,0,1,8,1,0,4,6
38417,stage1_core,294,245,REACHR25_AH_L08,elimination,REACHR10_PH_G08,B,12,-0.2105263157894736,1.2105263157894737,0,6,0,0,3,3,0,0,0,4,1,0,6,3,0,3,2,1,7,1
43218,stage2_elite,0,49,REACHR27_HL_G02,elimination,REACHR24_PL_G10,R,10,1.263157894736842,-0.2631578947368421,0,0,5,0,3,2,0,2,1,1,5,3,1,1,1,3,3,0,1,4
43219,stage2_elite,49,0,REACHR24_PL_G10,draw,REACHR27_HL_G02,,20,0.0,0.0,0,1,9,0,0,10,3,2,4,1,4,3,0,7,0,1,8,0,2,8
45570,stage2_elite,0,98,REACHR27_HL_G02,elimination,REACHR21_PH_L16,R,4,1.4210526315789471,-0.4210526315789473,0,0,2,0,2,0,1,0,1,1,2,0,2,0,1,2,1,0,1,1
45571,stage2_elite,98,0,REACHR21_PH_L16,elimination,REACHR27_HL_G02,B,6,-0.3684210526315789,1.368421052631579,0,3,0,0,0,3,0,0,0,3,0,0,1,5,1,1,1,1,4,1
47922,stage2_elite,0,196,REACHR27_HL_G02,draw,REACHR27_PH_L21,,20,0.0,0.0,0,0,10,0,10,0,0,1,0,2,9,2,9,0,1,9,1,0,1,10
47923,stage2_elite,196,0,REACHR27_PH_L21,elimination,REACHR27_HL_G02,B,7,-0.3421052631578947,1.3421052631578947,0,4,0,0,0,4,1,1,1,2,1,1,1,4,0,1,3,1,4,1
49288,stage2_elite,23,228,REACHR29_HL_G10,draw,REACHR29_PH_L10,,20,0.0,0.0,0,0,10,0,10,0,1,10,1,0,10,10,0,1,0,10,1,0,1,10
50274,stage2_elite,0,245,REACHR27_HL_G02,elimination,REACHR10_PH_G08,R,6,1.368421052631579,-0.3684210526315789,0,0,3,0,3,0,1,0,1,1,3,0,1,2,1,3,1,0,1,2
50275,stage2_elite,245,0,REACHR10_PH_G08,elimination,REACHR27_HL_G02,B,15,-0.131578947368421,1.131578947368421,0,8,0,0,0,8,1,2,1,6,1,2,0,8,0,1,7,1,8,1
52626,stage2_elite,49,98,REACHR24_PL_G10,elimination,REACHR21_PH_L16,B,9,-0.2894736842105263,1.2894736842105263,4,1,0,0,5,0,0,0,0,2,1,0,7,0,0,2,1,4,2,1
52627,stage2_elite,98,49,REACHR21_PH_L16,elimination,REACHR24_PL_G10,R,10,1.263157894736842,-0.2631578947368421,0,5,0,4,1,0,0,1,0,6,1,1,1,0,4,2,1,0,1,1
54978,stage2_elite,49,147,REACHR24_PL_G10,elimination,REACHR19_HH_L08,B,11,-0.2368421052631578,1.236842105263158,1,4,1,0,4,2,0,1,0,3,2,1,6,1,0,3,2,1,5,2
54979,stage2_elite,147,49,REACHR19_HH_L08,elimination,REACHR24_PL_G10,R,10,1.263157894736842,-0.2631578947368421,0,5,0,2,3,0,0,1,0,6,1,1,0,1,2,4,1,0,1,1
57330,stage2_elite,49,245,REACHR24_PL_G10,elimination,REACHR10_PH_G08,B,11,-0.2368421052631578,1.236842105263158,5,1,0,0,6,0,1,0,1,2,1,1,7,0,0,3,1,5,2,1
57331,stage2_elite,245,49,REACHR10_PH_G08,elimination,REACHR24_PL_G10,R,10,1.263157894736842,-0.2631578947368421,0,5,0,4,1,0,0,1,0,6,1,1,2,0,4,2,1,0,2,1
59682,stage2_elite,98,147,REACHR21_PH_L16,draw,REACHR19_HH_L08,,20,0.0,0.0,0,10,0,0,2,8,0,0,0,10,1,0,3,7,0,3,8,1,8,1
59683,stage2_elite,147,98,REACHR19_HH_L08,draw,REACHR21_PH_L16,,20,0.0,0.0,1,2,7,0,10,0,0,0,0,4,6,0,11,0,1,8,1,1,3,7
62034,stage2_elite,98,196,REACHR21_PH_L16,draw,REACHR27_PH_L21,,20,0.0,0.0,0,10,0,0,10,0,0,0,0,9,0,0,9,1,0,8,1,1,8,1
62035,stage2_elite,196,98,REACHR27_PH_L21,draw,REACHR21_PH_L16,,20,0.0,0.0,0,10,0,0,10,0,0,0,0,9,1,0,11,0,1,8,1,1,9,1
64386,stage2_elite,147,196,REACHR19_HH_L08,elimination,REACHR27_PH_L21,B,13,-0.1842105263157894,1.1842105263157894,0,3,4,0,4,3,1,0,1,3,3,1,4,4,1,5,1,1,4,4
64387,stage2_elite,196,147,REACHR27_PH_L21,elimination,REACHR19_HH_L08,R,14,1.1578947368421053,-0.1578947368421052,0,6,1,0,4,3,1,0,1,7,1,0,5,1,1,5,3,1,4,1
66738,stage2_elite,147,245,REACHR19_HH_L08,elimination,REACHR10_PH_G08,B,12,-0.2105263157894736,1.2105263157894737,0,6,0,0,6,0,0,0,1,2,1,0,8,1,0,3,1,1,7,1
66739,stage2_elite,245,147,REACHR10_PH_G08,elimination,REACHR19_HH_L08,R,8,1.3157894736842106,-0.3157894736842105,0,4,0,0,2,2,0,0,0,5,1,0,3,1,1,3,2,1,2,1
69090,stage2_elite,196,245,REACHR27_PH_L21,elimination,REACHR10_PH_G08,B,13,-0.1842105263157894,1.1842105263157894,0,5,2,0,5,2,0,0,0,6,2,0,7,2,1,5,2,1,6,2
69091,stage2_elite,245,196,REACHR10_PH_G08,elimination,REACHR27_PH_L21,R,20,1.0,-0.0,0,8,2,0,6,4,0,0,1,6,5,1,6,4,1,7,4,1,8,2
71442,challenger,1,52,REACHR27_HL_G08,elimination,REACHR28_PL_G06,R,10,1.263157894736842,-0.2631578947368421,0,0,5,0,5,0,0,0,0,1,6,0,4,1,1,5,1,0,1,4
71443,challenger,52,1,REACHR28_PL_G06,draw,REACHR27_HL_G08,,20,0.0,0.0,0,10,0,0,0,10,3,0,3,5,1,1,0,8,0,1,8,0,8,1
71512,challenger,1,100,REACHR27_HL_G08,elimination,REACHR28_AL_G07,R,4,1.4210526315789471,-0.4210526315789473,0,0,2,0,2,0,0,0,0,1,3,0,1,0,1,2,1,0,1,0
71513,challenger,100,1,REACHR28_AL_G07,elimination,REACHR27_HL_G08,R,20,1.0,-0.0,0,10,0,0,0,10,1,0,2,10,0,0,0,9,1,1,10,0,8,1
71582,challenger,1,198,REACHR27_HL_G08,elimination,REACHR21_PH_L17,R,6,1.368421052631579,-0.3684210526315789,0,0,3,0,3,0,0,0,0,1,4,0,3,0,1,3,1,0,1,2
71583,challenger,198,1,REACHR21_PH_L17,elimination,REACHR27_HL_G08,B,11,-0.2368421052631578,1.236842105263158,0,6,0,0,0,6,0,0,0,6,0,0,2,6,1,1,4,1,6,1
71652,challenger,1,249,REACHR27_HL_G08,elimination,REACHR25_AH_G03,R,6,1.368421052631579,-0.3684210526315789,0,0,3,0,3,0,1,0,1,1,3,0,2,0,1,3,1,0,0,2
71653,challenger,249,1,REACHR25_AH_G03,elimination,REACHR27_HL_G08,B,5,-0.3947368421052631,1.3947368421052633,0,3,0,0,0,3,0,1,0,2,0,1,2,2,0,0,2,1,3,1
72002,challenger,147,52,REACHR19_HH_L08,elimination,REACHR28_PL_G06,R,14,1.1578947368421053,-0.1578947368421052,0,7,0,4,3,0,0,0,0,7,2,1,2,0,4,4,1,0,2,1
72003,challenger,52,147,REACHR28_PL_G06,elimination,REACHR19_HH_L08,R,8,1.3157894736842106,-0.3157894736842105,0,4,0,0,2,2,0,0,0,4,2,0,2,2,1,3,2,1,3,0
72072,challenger,147,100,REACHR19_HH_L08,elimination,REACHR28_AL_G07,B,11,-0.2368421052631578,1.236842105263158,0,6,0,0,6,0,0,0,0,2,1,0,7,1,0,2,1,1,6,1
72073,challenger,100,147,REACHR28_AL_G07,elimination,REACHR19_HH_L08,R,12,1.2105263157894737,-0.2105263157894736,0,6,0,0,4,2,0,0,0,8,0,0,2,2,1,4,3,0,3,1
72142,challenger,147,198,REACHR19_HH_L08,elimination,REACHR21_PH_L17,R,10,1.263157894736842,-0.2631578947368421,0,2,3,0,5,0,1,0,1,3,3,1,3,0,1,5,1,0,2,2
72143,challenger,198,147,REACHR21_PH_L17,elimination,REACHR19_HH_L08,R,10,1.263157894736842,-0.2631578947368421,1,4,0,0,2,3,0,0,0,6,1,0,4,2,1,3,3,1,4,1
72212,challenger,147,249,REACHR19_HH_L08,draw,REACHR25_AH_G03,,20,0.0,0.0,3,4,3,0,9,0,0,0,1,5,3,0,8,1,1,7,1,1,5,3
72213,challenger,249,147,REACHR25_AH_G03,elimination,REACHR19_HH_L08,R,12,1.2105263157894737,-0.2105263157894736,0,6,0,0,6,0,0,1,0,7,1,1,1,1,1,6,1,0,2,1
72348,challenger,249,52,REACHR25_AH_G03,elimination,REACHR28_PL_G06,R,12,1.2105263157894737,-0.2105263157894736,0,6,0,1,5,0,0,2,0,7,1,2,1,1,1,6,1,0,3,1
72349,challenger,52,249,REACHR28_PL_G06,elimination,REACHR25_AH_G03,B,8,-0.3157894736842105,1.3157894736842106,3,1,0,0,4,0,0,0,0,1,1,0,7,0,0,1,1,4,2,1
72486,challenger,249,198,REACHR25_AH_G03,elimination,REACHR21_PH_L17,R,4,1.4210526315789471,-0.4210526315789473,0,2,0,0,2,0,0,0,1,1,2,0,1,1,1,2,1,0,2,0
72487,challenger,198,249,REACHR21_PH_L17,elimination,REACHR25_AH_G03,R,12,1.2105263157894737,-0.2105263157894736,0,6,0,0,6,0,0,0,0,7,1,0,6,0,1,6,1,0,5,1
